{"cameraMode":{"drawMode":0,"name":"Shaded","section":"Shading Mode"},"sceneLighting":true,"audioPlay":false,"sceneViewState":{"m_AlwaysRefresh":false,"showFog":true,"showSkybox":true,"showFlares":true,"showImageEffects":true,"showParticleSystems":true,"showVisualEffectGraphs":true,"m_FxEnabled":true},"in2DMode":false,"pivot":{"x":-0.18150362372398377,"y":0.35936447978019717,"z":0.0017249584197998047},"rotation":{"x":-0.0008793415618129075,"y":0.9926549196243286,"z":-0.005949550308287144,"w":-0.12179157882928848},"size":2.0760128498077394,"orthographic":false}